{"frames": {
    
    "walk_blond00.png":
    {
        "frame": {"x":3,"y":5,"w":24,"h":35},
        "rotated": false,
        "trimmed": true,
        "spriteSourceSize": {"x":3,"y":5,"w":31,"h":44},
        "sourceSize": {"w":31,"h":44}
    },
    "walk_blond01.png":
    {
        "frame": {"x":31,"y":5,"w":24,"h":35},
        "rotated": false,
        "trimmed": true,
        "spriteSourceSize": {"x":3,"y":5,"w":31,"h":44},
        "sourceSize": {"w":31,"h":44}
    },
    "walk_blond02.png":
    {
        "frame": {"x":63,"y":5,"w":24,"h":35},
        "rotated": false,
        "trimmed": true,
        "spriteSourceSize": {"x":3,"y":5,"w":31,"h":44},
        "sourceSize": {"w":31,"h":44}
    },
    "walk_blond03.png":
    {
        "frame": {"x":95,"y":5,"w":24,"h":35},
        "rotated": false,
        "trimmed": true,
        "spriteSourceSize": {"x":3,"y":5,"w":31,"h":44},
        "sourceSize": {"w":31,"h":44}
    }},
    "meta": {
        "app": "testPixi",
        "version": "1.0",
        "image": "walk_blond.png",
        "format": "RGBA8888",
        "size": {"w":124,"h":44},
        "scale": "1"
    }
    }